{"train_loss": 4.659621715545654, "_timestamp": 1678204521.3875334, "_runtime": 5694.45055437088, "_step": 284, "accuracy": 46.95000076293945}