{"run": 1, "_timestamp": 1682594880.8877802, "_runtime": 1.3109502792358398, "_step": 0}