{"acc_task_0": 89.3170166015625, "_timestamp": 1679582621.7138667, "_runtime": 1741.4568846225739, "_step": 2373, "acc_task_1": 47.85342025756836, "acc_task_2": 82.14508056640625, "acc_task_3": 80.7764892578125, "acc_task_4": 96.83898162841797, "loss": 0.7107872366905212, "exemplers": [0, 128, 256, 384, 512, 640, 768, 896, 1024, 1152, 1280, 1408, 1536, 1664, 1792, 1920, 2048, 2176, 2304, 2432, 2560, 2688, 2816, 2944, 3072, 3200, 3328, 3456, 3584, 3712, 3840, 3968, 4096, 4224, 4352, 4480, 4608, 4736, 4864, 4992, 5120, 5248, 5376, 5504, 5632, 5760, 5888, 6016, 6144, 6272, 6400, 6528, 6656, 6784, 6912, 7040, 7168, 7296, 7424, 7552, 7680, 7808, 7936, 8064, 8192, 8320, 8448, 8576, 8704, 8832, 8960, 9088, 9216, 9344, 9472, 9600, 9728, 9856, 9984, 10112, 10240, 10368, 10496, 10624, 10752, 10880, 11008, 11136, 11264, 11392, 11520, 11648, 11776, 11904, 12032, 12160, 12288, 12416, 12544, 0, 128, 256, 384, 512, 640, 768, 896, 1024, 1152, 1280, 1408, 1536, 1664, 1792, 1920, 2048, 2176, 2304, 2432, 2560, 2688, 2816, 2944, 3072, 3200, 3328, 3456, 3584, 3712, 3840, 3968, 4096, 4224, 4352, 4480, 4608, 4736, 4864, 4992, 5120, 5248, 5376, 5504, 5632, 5760, 5888, 6016, 6144, 6272, 6400, 6528, 6656, 6784, 6912, 7040, 7168, 7296, 7424, 7552, 7680, 7808, 7936, 8064, 8192, 8320, 8448, 8576, 8704, 8832, 8960, 9088, 9216, 9344, 9472, 9600, 9728, 9856, 9984, 10112, 10240, 10368, 10496, 10624, 10752, 10880, 11008, 11136, 11264, 11392, 11520, 11648, 11776, 11904, 12032, 0, 128, 256, 384, 512, 640, 768, 896, 1024, 1152, 1280, 1408, 1536, 1664, 1792, 1920, 2048, 2176, 2304, 2432, 2560, 2688, 2816, 2944, 3072, 3200, 3328, 3456, 3584, 3712, 3840, 3968, 4096, 4224, 4352, 4480, 4608, 4736, 4864, 4992, 5120, 5248, 5376, 5504, 5632, 5760, 5888, 6016, 6144, 6272, 6400, 6528, 6656, 6784, 6912, 7040, 7168, 7296, 7424, 7552, 7680, 7808, 7936, 8064, 8192, 8320, 8448, 8576, 8704, 8832, 8960, 9088, 9216, 9344, 9472, 9600, 9728, 9856, 9984, 10112, 10240, 10368, 10496, 10624, 10752, 10880, 11008, 11136, 0, 128, 256, 384, 512, 640, 768, 896, 1024, 1152, 1280, 1408, 1536, 1664, 1792, 1920, 2048, 2176, 2304, 2432, 2560, 2688, 2816, 2944, 3072, 3200, 3328, 3456, 3584, 3712, 3840, 3968, 4096, 4224, 4352, 4480, 4608, 4736, 4864, 4992, 5120, 5248, 5376, 5504, 5632, 5760, 5888, 6016, 6144, 6272, 6400, 6528, 6656, 6784, 6912, 7040, 7168, 7296, 7424, 7552, 7680, 7808, 7936, 8064, 8192, 8320, 8448, 8576, 8704, 8832, 8960, 9088, 9216, 9344, 9472, 9600, 9728, 9856, 9984, 10112, 10240, 10368, 10496, 10624, 10752, 10880, 11008, 11136, 11264, 11392, 11520, 11648, 11776, 11904, 12032, 12160, 0, 128, 256, 384, 512, 640, 768, 896, 1024, 1152, 1280, 1408, 1536, 1664, 1792, 1920, 2048, 2176, 2304, 2432, 2560, 2688, 2816, 2944, 3072, 3200, 3328, 3456, 3584, 3712, 3840, 3968, 4096, 4224, 4352, 4480, 4608, 4736, 4864, 4992, 5120, 5248, 5376, 5504, 5632, 5760, 5888, 6016, 6144, 6272, 6400, 6528, 6656, 6784, 6912, 7040, 7168, 7296, 7424, 7552, 7680, 7808, 7936, 8064, 8192, 8320, 8448, 8576, 8704, 8832, 8960, 9088, 9216, 9344, 9472, 9600, 9728, 9856, 9984, 10112, 10240, 10368, 10496, 10624, 10752, 10880, 11008, 11136, 11264, 11392, 11520, 11648, 11776, 0, 128, 256, 384, 512, 640, 768, 896, 1024, 1152, 1280, 1408, 1536, 1664, 1792, 1920, 2048, 2176, 2304, 2432, 2560, 2688, 2816, 2944, 3072, 3200, 3328, 3456, 3584, 3712, 3840, 3968, 4096, 4224, 4352, 4480, 4608, 4736, 4864, 4992, 5120, 5248, 5376, 5504, 5632, 5760, 5888, 6016, 6144, 6272, 6400, 6528, 6656, 6784, 6912, 7040, 7168, 7296, 7424, 7552, 7680, 7808, 7936, 8064, 8192, 8320, 8448, 8576, 8704, 8832, 8960, 9088, 9216, 9344, 9472, 9600, 9728, 9856, 9984, 10112, 10240, 10368, 10496, 10624, 10752, 10880, 11008, 11136, 11264, 11392, 11520, 11648, 11776, 11904, 12032, 12160, 12288, 12416, 12544, 0, 128, 256, 384, 512, 640, 768, 896, 1024, 1152, 1280, 1408, 1536, 1664, 1792, 1920, 2048, 2176, 2304, 2432, 2560, 2688, 2816, 2944, 3072, 3200, 3328, 3456, 3584, 3712, 3840, 3968, 4096, 4224, 4352, 4480, 4608, 4736, 4864, 4992, 5120, 5248, 5376, 5504, 5632, 5760, 5888, 6016, 6144, 6272, 6400, 6528, 6656, 6784, 6912, 7040, 7168, 7296, 7424, 7552, 7680, 7808, 7936, 8064, 8192, 8320, 8448, 8576, 8704, 8832, 8960, 9088, 9216, 9344, 9472, 9600, 9728, 9856, 9984, 10112, 10240, 10368, 10496, 10624, 10752, 10880, 11008, 11136, 11264, 11392, 11520, 11648, 11776, 11904, 12032, 0, 128, 256, 384, 512, 640, 768, 896, 1024, 1152, 1280, 1408, 1536, 1664, 1792, 1920, 2048, 2176, 2304, 2432, 2560, 2688, 2816, 2944, 3072, 3200, 3328, 3456, 3584, 3712, 3840, 3968, 4096, 4224, 4352, 4480, 4608, 4736, 4864, 4992, 5120, 5248, 5376, 5504, 5632, 5760, 5888, 6016, 6144, 6272, 6400, 6528, 6656, 6784, 6912, 7040, 7168, 7296, 7424, 7552, 7680, 7808, 7936, 8064, 8192, 8320, 8448, 8576, 8704, 8832, 8960, 9088, 9216, 9344, 9472, 9600, 9728, 9856, 9984, 10112, 10240, 10368, 10496, 10624, 10752, 10880, 11008, 11136, 0, 128, 256, 384, 512, 640, 768, 896, 1024, 1152, 1280, 1408, 1536, 1664, 1792, 1920, 2048, 2176, 2304, 2432, 2560, 2688, 2816, 2944, 3072, 3200, 3328, 3456, 3584, 3712, 3840, 3968, 4096, 4224, 4352, 4480, 4608, 4736, 4864, 4992, 5120, 5248, 5376, 5504, 5632, 5760, 5888, 6016, 6144, 6272, 6400, 6528, 6656, 6784, 6912, 7040, 7168, 7296, 7424, 7552, 7680, 7808, 7936, 8064, 8192, 8320, 8448, 8576, 8704, 8832, 8960, 9088, 9216, 9344, 9472, 9600, 9728, 9856, 9984, 10112, 10240, 10368, 10496, 10624, 10752, 10880, 11008, 11136, 11264, 11392, 11520, 11648, 11776, 11904, 12032, 12160, 0, 128, 256, 384, 512, 640, 768, 896, 1024, 1152, 1280, 1408, 1536, 1664, 1792, 1920, 2048, 2176, 2304, 2432, 2560, 2688, 2816, 2944, 3072, 3200, 3328, 3456, 3584, 3712, 3840, 3968, 4096, 4224, 4352, 4480, 4608, 4736, 4864, 4992, 5120, 5248, 5376, 5504, 5632, 5760, 5888, 6016, 6144, 6272, 6400, 6528, 6656, 6784, 6912, 7040, 7168, 7296, 7424, 7552, 7680, 7808, 7936, 8064, 8192, 8320, 8448, 8576, 8704, 8832, 8960, 9088, 9216, 9344, 9472, 9600, 9728, 9856, 9984, 10112, 10240, 10368, 10496, 10624, 10752, 10880, 11008, 11136, 11264, 11392, 11520, 11648, 11776], "_wandb": {"runtime": 1587}}