{"acc_task_0": 98.82390594482422, "_timestamp": 1680730912.1699066, "_runtime": 80.80585360527039, "_step": 101, "acc_task_1": 61.556331634521484, "acc_task_2": 24.100446701049805, "acc_task_3": 51.960609436035156, "acc_task_4": 52.42575454711914, "loss": 0.7183838486671448, "exemplers": [0, 128, 256, 384, 512, 640, 768, 896, 1024, 1152, 1280, 1408, 1536, 1664, 1792, 1920, 2048, 2176, 2304, 2432, 2560, 2688, 2816, 2944, 3072, 3200, 3328, 3456, 3584, 3712, 3840, 3968, 4096, 4224, 4352, 4480, 4608, 4736, 4864, 4992, 0, 128, 256, 384, 512, 640, 768, 896, 1024, 1152, 1280, 1408, 1536, 1664, 1792, 1920, 2048, 2176, 2304, 2432, 2560, 2688, 2816, 2944, 3072, 3200, 3328, 3456, 3584, 3712, 3840, 3968, 4096, 4224, 4352, 4480, 4608, 4736, 4864, 4992], "_wandb": {"runtime": 82}}