{"run": 1, "_timestamp": 1682593876.7741342, "_runtime": 5.590213060379028, "_step": 0, "_wandb": {"runtime": 17}}