{"run": 1, "_timestamp": 1682594109.4198844, "_runtime": 5.977937459945679, "_step": 0, "_wandb": {"runtime": 7}}