{"acc_task_0": 43.11125183105469, "_timestamp": 1682586500.6402342, "_runtime": 63.45062327384949, "_step": 99, "acc_task_1": 51.51594924926758, "acc_task_2": 36.79689407348633, "acc_task_3": 31.694957733154297, "acc_task_4": 41.465232849121094, "loss": 2.3538458347320557, "exemplers": [0, 128, 256, 384, 512, 640, 768, 896, 1024, 1152, 1280, 1408, 1536, 1664, 1792, 1920, 2048, 2176, 2304, 2432, 2560, 2688, 2816, 2944, 3072, 3200, 3328, 3456, 3584, 3712, 3840, 3968, 4096, 4224, 4352, 4480, 4608, 4736, 4864, 4992, 0, 128, 256, 384, 512, 640, 768, 896, 1024, 1152, 1280, 1408, 1536, 1664, 1792, 1920, 2048, 2176, 2304, 2432, 2560, 2688, 2816, 2944, 3072, 3200, 3328, 3456, 3584, 3712, 3840, 3968, 4096, 4224, 4352, 4480, 4608, 4736, 4864, 4992], "_wandb": {"runtime": 64}}