{"accuracy": 52.959999084472656, "_timestamp": 1678198493.6675358, "_runtime": 1771.7663118839264, "_step": 2, "train_losses": {"_type": "histogram", "values": [1, 3, 3, 6, 5, 6, 15, 21, 24, 35, 27, 41, 46, 48, 51, 49, 49, 45, 38, 46, 32, 36, 27, 21, 22, 19, 16, 18, 12, 9, 3, 8], "bins": [1.933564305305481, 1.946765761822462, 1.9599672183394432, 1.9731686748564243, 1.9863701313734055, 1.9995715878903866, 2.0127730444073677, 2.025974500924349, 2.03917595744133, 2.052377413958311, 2.065578870475292, 2.0787803269922733, 2.0919817835092545, 2.1051832400262356, 2.1183846965432167, 2.131586153060198, 2.144787609577179, 2.15798906609416, 2.171190522611141, 2.1843919791281223, 2.1975934356451035, 2.2107948921620846, 2.2239963486790657, 2.237197805196047, 2.250399261713028, 2.263600718230009, 2.27680217474699, 2.2900036312639713, 2.3032050877809525, 2.3164065442979336, 2.3296080008149147, 2.342809457331896, 2.356010913848877]}, "piwo": "test", "_wandb": {"runtime": 2095}}