{"acc_task_0": 95.88629913330078, "_timestamp": 1680728355.3954234, "_runtime": 826.2589073181152, "_step": 1186, "acc_task_1": 87.83191680908203, "acc_task_2": 94.67282104492188, "acc_task_3": 97.93975067138672, "acc_task_4": 98.60169219970703, "loss": 0.7117653489112854, "exemplers": [0, 128, 256, 384, 512, 640, 768, 896, 1024, 1152, 1280, 1408, 1536, 1664, 1792, 1920, 2048, 2176, 2304, 2432, 2560, 2688, 2816, 2944, 3072, 3200, 3328, 3456, 3584, 3712, 3840, 3968, 4096, 4224, 4352, 4480, 4608, 4736, 4864, 4992, 5120, 5248, 5376, 5504, 5632, 5760, 5888, 6016, 6144, 6272, 6400, 6528, 6656, 6784, 6912, 7040, 7168, 7296, 7424, 7552, 7680, 7808, 7936, 8064, 8192, 8320, 8448, 8576, 8704, 8832, 8960, 9088, 9216, 9344, 9472, 9600, 9728, 9856, 9984, 10112, 10240, 10368, 10496, 10624, 10752, 10880, 11008, 11136, 11264, 11392, 11520, 11648, 11776, 11904, 12032, 12160, 12288, 12416, 12544, 0, 128, 256, 384, 512, 640, 768, 896, 1024, 1152, 1280, 1408, 1536, 1664, 1792, 1920, 2048, 2176, 2304, 2432, 2560, 2688, 2816, 2944, 3072, 3200, 3328, 3456, 3584, 3712, 3840, 3968, 4096, 4224, 4352, 4480, 4608, 4736, 4864, 4992, 5120, 5248, 5376, 5504, 5632, 5760, 5888, 6016, 6144, 6272, 6400, 6528, 6656, 6784, 6912, 7040, 7168, 7296, 7424, 7552, 7680, 7808, 7936, 8064, 8192, 8320, 8448, 8576, 8704, 8832, 8960, 9088, 9216, 9344, 9472, 9600, 9728, 9856, 9984, 10112, 10240, 10368, 10496, 10624, 10752, 10880, 11008, 11136, 11264, 11392, 11520, 11648, 11776, 11904, 12032, 0, 128, 256, 384, 512, 640, 768, 896, 1024, 1152, 1280, 1408, 1536, 1664, 1792, 1920, 2048, 2176, 2304, 2432, 2560, 2688, 2816, 2944, 3072, 3200, 3328, 3456, 3584, 3712, 3840, 3968, 4096, 4224, 4352, 4480, 4608, 4736, 4864, 4992, 5120, 5248, 5376, 5504, 5632, 5760, 5888, 6016, 6144, 6272, 6400, 6528, 6656, 6784, 6912, 7040, 7168, 7296, 7424, 7552, 7680, 7808, 7936, 8064, 8192, 8320, 8448, 8576, 8704, 8832, 8960, 9088, 9216, 9344, 9472, 9600, 9728, 9856, 9984, 10112, 10240, 10368, 10496, 10624, 10752, 10880, 11008, 11136, 0, 128, 256, 384, 512, 640, 768, 896, 1024, 1152, 1280, 1408, 1536, 1664, 1792, 1920, 2048, 2176, 2304, 2432, 2560, 2688, 2816, 2944, 3072, 3200, 3328, 3456, 3584, 3712, 3840, 3968, 4096, 4224, 4352, 4480, 4608, 4736, 4864, 4992, 5120, 5248, 5376, 5504, 5632, 5760, 5888, 6016, 6144, 6272, 6400, 6528, 6656, 6784, 6912, 7040, 7168, 7296, 7424, 7552, 7680, 7808, 7936, 8064, 8192, 8320, 8448, 8576, 8704, 8832, 8960, 9088, 9216, 9344, 9472, 9600, 9728, 9856, 9984, 10112, 10240, 10368, 10496, 10624, 10752, 10880, 11008, 11136, 11264, 11392, 11520, 11648, 11776, 11904, 12032, 12160, 0, 128, 256, 384, 512, 640, 768, 896, 1024, 1152, 1280, 1408, 1536, 1664, 1792, 1920, 2048, 2176, 2304, 2432, 2560, 2688, 2816, 2944, 3072, 3200, 3328, 3456, 3584, 3712, 3840, 3968, 4096, 4224, 4352, 4480, 4608, 4736, 4864, 4992, 5120, 5248, 5376, 5504, 5632, 5760, 5888, 6016, 6144, 6272, 6400, 6528, 6656, 6784, 6912, 7040, 7168, 7296, 7424, 7552, 7680, 7808, 7936, 8064, 8192, 8320, 8448, 8576, 8704, 8832, 8960, 9088, 9216, 9344, 9472, 9600, 9728, 9856, 9984, 10112, 10240, 10368, 10496, 10624, 10752, 10880, 11008, 11136, 11264, 11392, 11520, 11648, 11776, 0, 128, 256, 384, 512, 640, 768, 896, 1024, 1152, 1280, 1408, 1536, 1664, 1792, 1920, 2048, 2176, 2304, 2432, 2560, 2688, 2816, 2944, 3072, 3200, 3328, 3456, 3584, 3712, 3840, 3968, 4096, 4224, 4352, 4480, 4608, 4736, 4864, 4992, 5120, 5248, 5376, 5504, 5632, 5760, 5888, 6016, 6144, 6272, 6400, 6528, 6656, 6784, 6912, 7040, 7168, 7296, 7424, 7552, 7680, 7808, 7936, 8064, 8192, 8320, 8448, 8576, 8704, 8832, 8960, 9088, 9216, 9344, 9472, 9600, 9728, 9856, 9984, 10112, 10240, 10368, 10496, 10624, 10752, 10880, 11008, 11136, 11264, 11392, 11520, 11648, 11776, 11904, 12032, 12160, 12288, 12416, 12544, 0, 128, 256, 384, 512, 640, 768, 896, 1024, 1152, 1280, 1408, 1536, 1664, 1792, 1920, 2048, 2176, 2304, 2432, 2560, 2688, 2816, 2944, 3072, 3200, 3328, 3456, 3584, 3712, 3840, 3968, 4096, 4224, 4352, 4480, 4608, 4736, 4864, 4992, 5120, 5248, 5376, 5504, 5632, 5760, 5888, 6016, 6144, 6272, 6400, 6528, 6656, 6784, 6912, 7040, 7168, 7296, 7424, 7552, 7680, 7808, 7936, 8064, 8192, 8320, 8448, 8576, 8704, 8832, 8960, 9088, 9216, 9344, 9472, 9600, 9728, 9856, 9984, 10112, 10240, 10368, 10496, 10624, 10752, 10880, 11008, 11136, 11264, 11392, 11520, 11648, 11776, 11904, 12032, 0, 128, 256, 384, 512, 640, 768, 896, 1024, 1152, 1280, 1408, 1536, 1664, 1792, 1920, 2048, 2176, 2304, 2432, 2560, 2688, 2816, 2944, 3072, 3200, 3328, 3456, 3584, 3712, 3840, 3968, 4096, 4224, 4352, 4480, 4608, 4736, 4864, 4992, 5120, 5248, 5376, 5504, 5632, 5760, 5888, 6016, 6144, 6272, 6400, 6528, 6656, 6784, 6912, 7040, 7168, 7296, 7424, 7552, 7680, 7808, 7936, 8064, 8192, 8320, 8448, 8576, 8704, 8832, 8960, 9088, 9216, 9344, 9472, 9600, 9728, 9856, 9984, 10112, 10240, 10368, 10496, 10624, 10752, 10880, 11008, 11136, 0, 128, 256, 384, 512, 640, 768, 896, 1024, 1152, 1280, 1408, 1536, 1664, 1792, 1920, 2048, 2176, 2304, 2432, 2560, 2688, 2816, 2944, 3072, 3200, 3328, 3456, 3584, 3712, 3840, 3968, 4096, 4224, 4352, 4480, 4608, 4736, 4864, 4992, 5120, 5248, 5376, 5504, 5632, 5760, 5888, 6016, 6144, 6272, 6400, 6528, 6656, 6784, 6912, 7040, 7168, 7296, 7424, 7552, 7680, 7808, 7936, 8064, 8192, 8320, 8448, 8576, 8704, 8832, 8960, 9088, 9216, 9344, 9472, 9600, 9728, 9856, 9984, 10112, 10240, 10368, 10496, 10624, 10752, 10880, 11008, 11136, 11264, 11392, 11520, 11648, 11776, 11904, 12032, 12160, 0, 128, 256, 384, 512, 640, 768, 896, 1024, 1152, 1280, 1408, 1536, 1664, 1792, 1920, 2048, 2176, 2304, 2432, 2560, 2688, 2816, 2944, 3072, 3200, 3328, 3456, 3584, 3712, 3840, 3968, 4096, 4224, 4352, 4480, 4608, 4736, 4864, 4992, 5120, 5248, 5376, 5504, 5632, 5760, 5888, 6016, 6144, 6272, 6400, 6528, 6656, 6784, 6912, 7040, 7168, 7296, 7424, 7552, 7680, 7808, 7936, 8064, 8192, 8320, 8448, 8576, 8704, 8832, 8960, 9088, 9216, 9344, 9472, 9600, 9728, 9856, 9984, 10112, 10240, 10368, 10496, 10624, 10752, 10880, 11008, 11136, 11264, 11392, 11520, 11648, 11776]}